listing_uuid,product_uuid,product_title,product_image_urls,sku,asin,item_number,price,price_history,variation_attributes,units_available,units_sold,listing_status,seller_status,enforcement_status,map_compliance_status,amazon_buy_box_won,date_first_detected,last_checked,authenticity,listing_note,marketplaceMarketplace_uuid,parent_asin,currency,brand_uuid,enforce_admin_stage,listing_enforcement,listing_priority,listing_stage,re_listed_status,listing_url,listing_state,brand_name
a9840425-0791-4d8e-97a1-126d352aee02,,Nike 2023 New Men's AIR FORCE 1 07 Lightweight Sneakers CW2288-111,"[""https://ae-pic-a1.aliexpress-media.com/kf/S48228d2dee5c48379a0dda41f706d057s.jpg""]",3256807369335626,,3256807369335626,134.2,"[{""date"": ""2025-08-20T08:08:32.781587Z"", ""price"": 134.2, ""currency"": ""USD""}]",,,45,New,New,None,NA,No,2025-08-20 08:08:32.781,2025-08-20 08:08:32.781,Unverified,,,,USD,,NotSubmitted,NA,False,NA,False,https://www.aliexpress.com/item/3256807369335626.html,Active,Nike
7a957da2-1ac0-4768-8665-295cbc97558f,,Nike Women's Shoes Big Children's Shoes Court Borough Mid 2 (Gs) Sports Shoes Fashion Trendy Velcro Casual Shoes Mid-Top Retro Sneakers Cd7782-123,"[""https://ae-pic-a1.aliexpress-media.com/kf/S88fdc63dade743fcb1bff048007ca178W.jpg""]",3256808967507615,,3256808967507615,75.31,"[{""date"": ""2025-08-20T08:08:32.781905Z"", ""price"": 75.31, ""currency"": ""USD""}]",,,12,New,New,None,NA,No,2025-08-20 08:08:32.781,2025-08-20 08:08:32.781,Unverified,,,,USD,,NotSubmitted,NA,False,NA,False,https://www.aliexpress.com/item/3256808967507615.html,Active,Nike
b354ce34-bf34-4b88-889e-b85dba0bcceb,,Nike Women's Shoes P-6000 Sports Shoes Outdoor Travel Trendyy Fashionable Lightweight Comfortable Casual Shoes Bv1021-108,"[""https://ae-pic-a1.aliexpress-media.com/kf/Sde2cdd1495914f31866a8ddf2c131d088.jpg""]",3256809288619590,,3256809288619590,120.8,"[{""date"": ""2025-08-20T08:08:32.781934Z"", ""price"": 120.8, ""currency"": ""USD""}]",,,6,New,New,None,NA,No,2025-08-20 08:08:32.781,2025-08-20 08:08:32.781,Unverified,,,,USD,,NotSubmitted,NA,False,NA,False,https://www.aliexpress.com/item/3256809288619590.html,Active,Nike
33efb729-e547-47dc-b287-7f22ade664ce,,Nike Women's Shoes Dunk Low Next Nature Sneakers Daily Casual Low-Top Sports Sneakers Dd1873-112,"[""https://ae-pic-a1.aliexpress-media.com/kf/S931788a5f77f4d33814f85c6537dfa47X.jpg""]",3256808960845803,,3256808960845803,119.85,"[{""date"": ""2025-08-20T08:08:32.781956Z"", ""price"": 119.85, ""currency"": ""USD""}]",,,,New,New,None,NA,No,2025-08-20 08:08:32.781,2025-08-20 08:08:32.781,Unverified,,,,USD,,NotSubmitted,NA,False,NA,False,https://www.aliexpress.com/item/3256808960845803.html,Active,Nike
9d72c3ac-ca84-406a-b9ba-56f92250b49f,,Nike Men's Shoes Sb Force 58 Sports Shoes Fashion Trend Low-Top Board Shoes Plaid Breathable Casual Shoes Dv5477-201,"[""https://ae-pic-a1.aliexpress-media.com/kf/S7a626530ad224481825dff87d6b7f78fF.jpg""]",3256809275614505,,3256809275614505,106.54,"[{""date"": ""2025-08-20T08:08:32.781973Z"", ""price"": 106.54, ""currency"": ""USD""}]",,,9,New,New,None,NA,No,2025-08-20 08:08:32.781,2025-08-20 08:08:32.781,Unverified,,,,USD,,NotSubmitted,NA,False,NA,False,https://www.aliexpress.com/item/3256809275614505.html,Active,Nike
545ac81c-2c1b-4599-823a-53226e4e40d2,,Nike Odyssey React 2 Flyknit Womens Shoes,"[""https://ae-pic-a1.aliexpress-media.com/kf/Saa5f01cd33a24643b63f9b8c74b1208cE.jpg""]",3256809027880414,,3256809027880414,80.69,"[{""date"": ""2025-08-20T08:08:32.781989Z"", ""price"": 80.69, ""currency"": ""USD""}]",,,,New,New,None,NA,No,2025-08-20 08:08:32.781,2025-08-20 08:08:32.781,Unverified,,,,USD,,NotSubmitted,NA,False,NA,False,https://www.aliexpress.com/item/3256809027880414.html,Active,Nike
9629f492-d088-48e7-951d-020470643dc1,,Nike Women's Shoes Big Children's Shoes Court Borough Low Recraft Bg Sneakers Lightweight Breathable Sports Shoes Low-Top Casual Shoes Dv5456-131,"[""https://ae-pic-a1.aliexpress-media.com/kf/S0579483ec805412ab7aacfe8f0d45cc14.jpg""]",3256809488349212,,3256809488349212,63.3,"[{""date"": ""2025-08-20T08:08:32.782005Z"", ""price"": 63.3, ""currency"": ""USD""}]",,,,New,New,None,NA,No,2025-08-20 08:08:32.781,2025-08-20 08:08:32.781,Unverified,,,,USD,,NotSubmitted,NA,False,NA,False,https://www.aliexpress.com/item/3256809488349212.html,Active,Nike
e94aa5e1-6b7c-4d72-9a50-d67d85554241,,NIKE 2024 Women's W NIKE CORTEZ Casual Shoes Summer Sports Footwear,"[""https://ae-pic-a1.aliexpress-media.com/kf/S30dd4f2375d245adbe1334f6dfe4a6c66.jpg""]",3256807351857133,,3256807351857133,115.41,"[{""date"": ""2025-08-20T08:08:32.784171Z"", ""price"": 115.41, ""currency"": ""USD""}]",,,14,New,New,None,NA,No,2025-08-20 08:08:32.781,2025-08-20 08:08:32.781,Unverified,,,,USD,,NotSubmitted,NA,False,NA,False,https://www.aliexpress.com/item/3256807351857133.html,Active,Nike
543157ba-a898-4390-b5d1-fe30ae21ca12,,NIKE 2025 Men's NIKE P-6000 SE Casual Sneakers IH3646-499,"[""https://ae-pic-a1.aliexpress-media.com/kf/Sc576e42454944c8c93cfb524b680f8cf2.jpg""]",3256809397836631,,3256809397836631,134.13,"[{""date"": ""2025-08-20T08:08:32.784206Z"", ""price"": 134.13, ""currency"": ""USD""}]",,,3,New,New,None,NA,No,2025-08-20 08:08:32.781,2025-08-20 08:08:32.781,Unverified,,,,USD,,NotSubmitted,NA,False,NA,False,https://www.aliexpress.com/item/3256809397836631.html,Active,Nike
94821ba5-2051-4d13-9b1f-3bdd4e68778c,,NIKE 2025 Women's W NIKE AIR MAX PORTAL Casual Sports Shoes HF3053-103,"[""https://ae-pic-a1.aliexpress-media.com/kf/Sd66fa3ea97664f80ad20a3487017b1e6p.jpg""]",3256808834363668,,3256808834363668,123.86,"[{""date"": ""2025-08-20T08:08:32.784226Z"", ""price"": 123.86, ""currency"": ""USD""}]",,,6,New,New,None,NA,No,2025-08-20 08:08:32.781,2025-08-20 08:08:32.781,Unverified,,,,USD,,NotSubmitted,NA,False,NA,False,https://www.aliexpress.com/item/3256808834363668.html,Active,Nike
12f22c96-ee87-460b-9057-38bb7b74a87b,,NIKE 2025 Men's AIR MAX FIRE Casual Sneakers IF2621-001,"[""https://ae-pic-a1.aliexpress-media.com/kf/S7b5c6cfeae0a4781b2bdc7f31d7ef4ff4.jpg""]",3256809216308182,,3256809216308182,123.67,"[{""date"": ""2025-08-20T08:08:32.784240Z"", ""price"": 123.67, ""currency"": ""USD""}]",,,4,New,New,None,NA,No,2025-08-20 08:08:32.781,2025-08-20 08:08:32.781,Unverified,,,,USD,,NotSubmitted,NA,False,NA,False,https://www.aliexpress.com/item/3256809216308182.html,Active,Nike
175bb1c2-aad5-4db0-ac32-b7eec18bab87,,Nike Hakata Women's Shoes,"[""https://ae-pic-a1.aliexpress-media.com/kf/S8848c9059fad45f6b2b2796a91fb6ec3t.jpg""]",3256809278864924,,3256809278864924,68.96,"[{""date"": ""2025-08-20T08:08:32.784264Z"", ""price"": 68.96, ""currency"": ""USD""}]",,,,New,New,None,NA,No,2025-08-20 08:08:32.781,2025-08-20 08:08:32.781,Unverified,,,,USD,,NotSubmitted,NA,False,NA,False,https://www.aliexpress.com/item/3256809278864924.html,Active,Nike
59d59e94-df4e-48a7-a292-13f4a198a396,,NIKE 2025 Women's W NIKE P-6000 Casual Sports Shoes BV1021-108,"[""https://ae-pic-a1.aliexpress-media.com/kf/S11236d9fb2174e9c80b2ce5f16cc401cf.jpg""]",3256809325257362,,3256809325257362,126.48,"[{""date"": ""2025-08-20T08:08:32.784280Z"", ""price"": 126.48, ""currency"": ""USD""}]",,,4,New,New,None,NA,No,2025-08-20 08:08:32.781,2025-08-20 08:08:32.781,Unverified,,,,USD,,NotSubmitted,NA,False,NA,False,https://www.aliexpress.com/item/3256809325257362.html,Active,Nike
7e342246-99ae-4151-b28b-9e61e86017e9,,NIKE 2025 Women's W NIKE COURT VISION ALTA LTR Casual Sneaker DM0113-100,"[""https://ae-pic-a1.aliexpress-media.com/kf/S1970602f298d4994bdd582daa9a6d2b5L.jpg""]",3256808186490814,,3256808186490814,91.2,"[{""date"": ""2025-08-20T08:08:32.784323Z"", ""price"": 91.2, ""currency"": ""USD""}]",,,1,New,New,None,NA,No,2025-08-20 08:08:32.781,2025-08-20 08:08:32.781,Unverified,,,,USD,,NotSubmitted,NA,False,NA,False,https://www.aliexpress.com/item/3256808186490814.html,Active,Nike
c34b664c-be4f-4234-992d-abcc1786232a,,Nike Men's Shoes Air Max Impact 4 Sports Shoes Sports Breathable Running Shoes Practical Cushioning Training Basketball Shoes Dm1124-102,"[""https://ae-pic-a1.aliexpress-media.com/kf/Sa861170520fc4aa6806c9bf452e4a4e5w.jpg""]",3256808961622013,,3256808961622013,91.25,"[{""date"": ""2025-08-20T08:08:32.784343Z"", ""price"": 91.25, ""currency"": ""USD""}]",,,2,New,New,None,NA,No,2025-08-20 08:08:32.781,2025-08-20 08:08:32.781,Unverified,,,,USD,,NotSubmitted,NA,False,NA,False,https://www.aliexpress.com/item/3256808961622013.html,Active,Nike
f8fe871a-ddca-41f0-a06e-585ec987c89d,,Nike Men's Shoes Air Zoom Pegasus 41 Sports Shoes Running Shoes Men's Road Plaid Cushioning Running Shoes Fd2722-602,"[""https://ae-pic-a1.aliexpress-media.com/kf/S18d93bba24f140aa80f3b3755357e381B.jpg""]",3256809505131820,,3256809505131820,123.67,"[{""date"": ""2025-08-20T08:08:32.784364Z"", ""price"": 123.67, ""currency"": ""USD""}]",,,,New,New,None,NA,No,2025-08-20 08:08:32.781,2025-08-20 08:08:32.781,Unverified,,,,USD,,NotSubmitted,NA,False,NA,False,https://www.aliexpress.com/item/3256809505131820.html,Active,Nike
2d1e7625-27a1-4867-b6d8-2f47376b80e8,,NIKE 2025 Women's W NIKE OFFCOURT ADJUST SLIDE Casual Slippers DV1033-100,"[""https://ae-pic-a1.aliexpress-media.com/kf/Sf0c92645616345ee8025aa1d3c2ff13fx.jpg""]",3256808612808952,,3256808612808952,49.96,"[{""date"": ""2025-08-20T08:08:32.784381Z"", ""price"": 49.96, ""currency"": ""USD""}]",,,27,New,New,None,NA,No,2025-08-20 08:08:32.781,2025-08-20 08:08:32.781,Unverified,,,,USD,,NotSubmitted,NA,False,NA,False,https://www.aliexpress.com/item/3256808612808952.html,Active,Nike
5adbafff-1f2a-4e95-a4a2-6cf5aed50baf,,Nike Women's Shoes Cortez Sports Shoes Fashionable and Versatile Trendyy Sports Retro Casual Shoes Dn1791-108,"[""https://ae-pic-a1.aliexpress-media.com/kf/S7de23b222ed44bf5ad917aac5cde36cd5.jpg""]",3256809502069146,,3256809502069146,96.41,"[{""date"": ""2025-08-20T08:08:32.784398Z"", ""price"": 96.41, ""currency"": ""USD""}]",,,,New,New,None,NA,No,2025-08-20 08:08:32.781,2025-08-20 08:08:32.781,Unverified,,,,USD,,NotSubmitted,NA,False,NA,False,https://www.aliexpress.com/item/3256809502069146.html,Active,Nike
c8ebde4a-6126-4162-99e0-42df843a04e6,,NIKE 2025 Women's W NIKE V5 RNR Casual Sneakers IH6355-047,"[""https://ae-pic-a1.aliexpress-media.com/kf/S3f37e05860b54ba583e54304a30aa4c4A.jpg""]",3256809124473503,,3256809124473503,115.63,"[{""date"": ""2025-08-20T08:08:32.784412Z"", ""price"": 115.63, ""currency"": ""USD""}]",,,5,New,New,None,NA,No,2025-08-20 08:08:32.781,2025-08-20 08:08:32.781,Unverified,,,,USD,,NotSubmitted,NA,False,NA,False,https://www.aliexpress.com/item/3256809124473503.html,Active,Nike
e0565695-5818-4731-99fe-ed50164a2263,,Nike Women's Shoes Al8 Sports Shoes Simple Sports Casual Shoes Dad Shoes Fj3794-102,"[""https://ae-pic-a1.aliexpress-media.com/kf/Sc13f93601c5a4014b793068167bcc25a6.jpg""]",3256809503449679,,3256809503449679,86.81,"[{""date"": ""2025-08-20T08:08:32.784427Z"", ""price"": 86.81, ""currency"": ""USD""}]",,,,New,New,None,NA,No,2025-08-20 08:08:32.781,2025-08-20 08:08:32.781,Unverified,,,,USD,,NotSubmitted,NA,False,NA,False,https://www.aliexpress.com/item/3256809503449679.html,Active,Nike
db074a79-4047-42c1-ba05-1f217adba33f,,Nike Women's Shoes Court Legacy Nn Sports Sneakers Casual Shoes Daily Travel Shoes Dh3161-100,"[""https://ae-pic-a1.aliexpress-media.com/kf/S9d05825056584958810640f41cd10258I.jpg""]",3256808960894536,,3256808960894536,60.95,"[{""date"": ""2025-08-20T08:08:32.784441Z"", ""price"": 60.95, ""currency"": ""USD""}]",,,3,New,New,None,NA,No,2025-08-20 08:08:32.781,2025-08-20 08:08:32.781,Unverified,,,,USD,,NotSubmitted,NA,False,NA,False,https://www.aliexpress.com/item/3256808960894536.html,Active,Nike
75c9cde4-27fe-4c25-8f6e-c312fa5f3729,,Nike Women's Shoes Court Vision Lo Nn at Sports Shoes Low Top Trendy Fashion Board Shoes Fq8892-133,"[""https://ae-pic-a1.aliexpress-media.com/kf/S199c2e8ab700436089e7330faa8a5a6cm.jpg""]",3256809512317856,,3256809512317856,69.62,"[{""date"": ""2025-08-20T08:08:32.784457Z"", ""price"": 69.62, ""currency"": ""USD""}]",,,,New,New,None,NA,No,2025-08-20 08:08:32.781,2025-08-20 08:08:32.781,Unverified,,,,USD,,NotSubmitted,NA,False,NA,False,https://www.aliexpress.com/item/3256809512317856.html,Active,Nike
58f7db7d-eb2f-4910-9677-23c7102cf81e,,NIKE 2025 Women's WMNS NIKE AIR MAX MUSE Casual Sports Shoes FV1920-001,"[""https://ae-pic-a1.aliexpress-media.com/kf/S360444bd78574b3387a37ed9014ec87dk.jpg""]",3256809441533446,,3256809441533446,221.44,"[{""date"": ""2025-08-20T08:08:32.784473Z"", ""price"": 221.44, ""currency"": ""USD""}]",,,,New,New,None,NA,No,2025-08-20 08:08:32.781,2025-08-20 08:08:32.781,Unverified,,,,USD,,NotSubmitted,NA,False,NA,False,https://www.aliexpress.com/item/3256809441533446.html,Active,Nike
ec4221a4-91b6-4bf9-b9a3-157fc3debeb5,,Nike Men's Shoes Offcourt Slide Slippers Sandals Indoor and Outdoor Comfortable Sandals Bq4639-001,"[""https://ae-pic-a1.aliexpress-media.com/kf/S9d8aa709719341afa077484c96b61c03G.jpg""]",3256809510827067,,3256809510827067,34.15,"[{""date"": ""2025-08-20T08:08:32.784489Z"", ""price"": 34.15, ""currency"": ""USD""}]",,,1,New,New,None,NA,No,2025-08-20 08:08:32.781,2025-08-20 08:08:32.781,Unverified,,,,USD,,NotSubmitted,NA,False,NA,False,https://www.aliexpress.com/item/3256809510827067.html,Active,Nike
1b51c15d-42bf-444a-983e-941d1b9ea0fe,,Nike Women's Shoes Big Kidsren's Shoes Court Borough Low Recraft (Gs) Fashionable Casual Shoes Lightweight and Comfortable Low-Cut Sneakers Dv5456-126,"[""https://ae-pic-a1.aliexpress-media.com/kf/Sa55b0877159541d1a54c614eacb4581cC.jpg""]",3256809512485274,,3256809512485274,62.37,"[{""date"": ""2025-08-20T08:08:32.785439Z"", ""price"": 62.37, ""currency"": ""USD""}]",,,,New,New,None,NA,No,2025-08-20 08:08:32.781,2025-08-20 08:08:32.781,Unverified,,,,USD,,NotSubmitted,NA,False,NA,False,https://www.aliexpress.com/item/3256809512485274.html,Active,Nike
d626cbf8-7d81-462c-8b7a-b3785a7eaad6,,Nike Men's Shoes Uplift Sc Sports Shoes Cushioning Wear-Resistant Lightweight Breathable Low-Top Running Shoes Casual Shoes Ib2765-100,"[""https://ae-pic-a1.aliexpress-media.com/kf/Sf1a1905ab5df4b6ab492a151ca89ee8cm.jpg""]",3256809493991310,,3256809493991310,76.19,"[{""date"": ""2025-08-20T08:08:32.785517Z"", ""price"": 76.19, ""currency"": ""USD""}]",,,,New,New,None,NA,No,2025-08-20 08:08:32.781,2025-08-20 08:08:32.781,Unverified,,,,USD,,NotSubmitted,NA,False,NA,False,https://www.aliexpress.com/item/3256809493991310.html,Active,Nike
63365ee1-c2b2-4fec-bb68-039ce08ffff5,,NIKE 2025 Women's W NIKE AIR ZOOM UPTURN SC Casual Sneakers IB2764-100,"[""https://ae-pic-a1.aliexpress-media.com/kf/Scc941194785847babf832c58871a666al.jpg""]",3256809170113438,,3256809170113438,116.2,"[{""date"": ""2025-08-20T08:08:32.785534Z"", ""price"": 116.2, ""currency"": ""USD""}]",,,2,New,New,None,NA,No,2025-08-20 08:08:32.781,2025-08-20 08:08:32.781,Unverified,,,,USD,,NotSubmitted,NA,False,NA,False,https://www.aliexpress.com/item/3256809170113438.html,Active,Nike
233e6115-8dc1-4820-a340-2e3899271b7b,,NIKE 2025 Women's W NIKE V5 RNR Casual Sports Shoes HQ7901-102,"[""https://ae-pic-a1.aliexpress-media.com/kf/Sf59b8162da5e4a96baacecc402cb2498r.jpg""]",3256808806758869,,3256808806758869,117.52,"[{""date"": ""2025-08-20T08:08:32.785550Z"", ""price"": 117.52, ""currency"": ""USD""}]",,,6,New,New,None,NA,No,2025-08-20 08:08:32.781,2025-08-20 08:08:32.781,Unverified,,,,USD,,NotSubmitted,NA,False,NA,False,https://www.aliexpress.com/item/3256808806758869.html,Active,Nike
a82e6b79-d4d2-417e-8305-369e72d7d625,,NIKE 2025 Men's AIR MAX FIRE Casual Sneakers IF2621-006,"[""https://ae-pic-a1.aliexpress-media.com/kf/S95ea980f3bcb416188224555719b71caG.jpg""]",3256809111123075,,3256809111123075,125.29,"[{""date"": ""2025-08-20T08:08:32.785621Z"", ""price"": 125.29, ""currency"": ""USD""}]",,,7,New,New,None,NA,No,2025-08-20 08:08:32.781,2025-08-20 08:08:32.781,Unverified,,,,USD,,NotSubmitted,NA,False,NA,False,https://www.aliexpress.com/item/3256809111123075.html,Active,Nike
42df9020-f396-497b-8c69-e0eed6af897f,,Nike Men's Shoes Uplift Sc Sports Shoes Cushioning Wear-Resistant Lightweight Breathable Low-Top Running Casual Shoes Ib2765-100,"[""https://ae-pic-a1.aliexpress-media.com/kf/Sf1a1905ab5df4b6ab492a151ca89ee8cm.jpg""]",3256809249051232,,3256809249051232,84.59,"[{""date"": ""2025-08-20T08:08:32.785722Z"", ""price"": 84.59, ""currency"": ""USD""}]",,,4,New,New,None,NA,No,2025-08-20 08:08:32.781,2025-08-20 08:08:32.781,Unverified,,,,USD,,NotSubmitted,NA,False,NA,False,https://www.aliexpress.com/item/3256809249051232.html,Active,Nike
5684d05a-6af8-472d-9fab-a8d9b83b0828,,"Nike Women's Shoes, Big Children's Shoes, Court Borough Low Recraft (Gs) Sneakers, Cushioning, Breathable Casual Shoes, Sports Shoes Dv5456-127","[""https://ae-pic-a1.aliexpress-media.com/kf/Sb9201cc2a89344c087b03b1500b7acf5i.jpg""]",3256809257034779,,3256809257034779,84.64,"[{""date"": ""2025-08-20T08:08:32.785748Z"", ""price"": 84.64, ""currency"": ""USD""}]",,,,New,New,None,NA,No,2025-08-20 08:08:32.781,2025-08-20 08:08:32.781,Unverified,,,,USD,,NotSubmitted,NA,False,NA,False,https://www.aliexpress.com/item/3256809257034779.html,Active,Nike
5c015a16-6633-4787-bc5b-6174cb7dd060,,NIKE 2025 Men's NIKE DUNK LOW RETRO Casual Sneaker HF5441-105,"[""https://ae-pic-a1.aliexpress-media.com/kf/S52b5570ced284f19beb4d0b276bc32daW.jpg""]",3256808317404768,,3256808317404768,160.57,"[{""date"": ""2025-08-20T08:08:32.785765Z"", ""price"": 160.57, ""currency"": ""USD""}]",,,3,New,New,None,NA,No,2025-08-20 08:08:32.781,2025-08-20 08:08:32.781,Unverified,,,,USD,,NotSubmitted,NA,False,NA,False,https://www.aliexpress.com/item/3256808317404768.html,Active,Nike
dceed131-3e1b-4a8b-8c7f-93569137a9bf,,NIKE 2025 Women's W NIKE COURT VISION LO NN Casual Shoes DH3158-103,"[""https://ae-pic-a1.aliexpress-media.com/kf/S53b9f686780842308dabafef360ff46cp.jpg""]",3256808573433198,,3256808573433198,104.44,"[{""date"": ""2025-08-20T08:08:32.785780Z"", ""price"": 104.44, ""currency"": ""USD""}]",,,3,New,New,None,NA,No,2025-08-20 08:08:32.781,2025-08-20 08:08:32.781,Unverified,,,,USD,,NotSubmitted,NA,False,NA,False,https://www.aliexpress.com/item/3256808573433198.html,Active,Nike
0b8a9b31-6c16-4710-a12e-1816b3168042,,Nike Women's Shoes Big Children's Shoes Air Zoom Pegasus 41 (Gs) Sports Shoes Running Shoes Breathable Cushioning Comfortable Running Shoes Hv6006-121,"[""https://ae-pic-a1.aliexpress-media.com/kf/S8407aa3c635748dd8e136dbeedaeb650O.jpg""]",3256809512472644,,3256809512472644,88.32,"[{""date"": ""2025-08-20T08:08:32.785798Z"", ""price"": 88.32, ""currency"": ""USD""}]",,,,New,New,None,NA,No,2025-08-20 08:08:32.781,2025-08-20 08:08:32.781,Unverified,,,,USD,,NotSubmitted,NA,False,NA,False,https://www.aliexpress.com/item/3256809512472644.html,Active,Nike
8876b79e-5763-41d4-af3a-9e603fbc4db0,,Nike Men's Shoes Zoomx Streakfly 2 Sports Shoes Road Racing Running Shoes Cushioning Breathable Running Shoes Hf6416-100,"[""https://ae-pic-a1.aliexpress-media.com/kf/Se074ac4134af47219c61caac84a48843v.jpg""]",3256808962300295,,3256808962300295,215.34,"[{""date"": ""2025-08-20T08:08:32.785813Z"", ""price"": 215.34, ""currency"": ""USD""}]",,,1,New,New,None,NA,No,2025-08-20 08:08:32.781,2025-08-20 08:08:32.781,Unverified,,,,USD,,NotSubmitted,NA,False,NA,False,https://www.aliexpress.com/item/3256808962300295.html,Active,Nike
667a62db-f674-4035-9010-2a13a5c8d40e,,NIKE 2025 Men's NIKE INITIATOR Casual Sneakers IB3083-001,"[""https://ae-pic-a1.aliexpress-media.com/kf/Sc893b8486d764450a928089f25cd40166.jpg""]",3256808498803148,,3256808498803148,113.5,"[{""date"": ""2025-08-20T08:08:32.785829Z"", ""price"": 113.5, ""currency"": ""USD""}]",,,29,New,New,None,NA,No,2025-08-20 08:08:32.781,2025-08-20 08:08:32.781,Unverified,,,,USD,,NotSubmitted,NA,False,NA,False,https://www.aliexpress.com/item/3256808498803148.html,Active,Nike
8675558d-878f-4a3b-9747-c05c75c138e1,,Nike 2025 Men's HYPERDUNK 2017 LOW EP Basketball Shoes HJ3486-414,"[""https://ae-pic-a1.aliexpress-media.com/kf/S19775c72702942f6b99331ee3b274460O.jpg""]",3256809488840135,,3256809488840135,140.4,"[{""date"": ""2025-08-20T08:08:32.785860Z"", ""price"": 140.4, ""currency"": ""USD""}]",,,,New,New,None,NA,No,2025-08-20 08:08:32.781,2025-08-20 08:08:32.781,Unverified,,,,USD,,NotSubmitted,NA,False,NA,False,https://www.aliexpress.com/item/3256809488840135.html,Active,Nike
9a7c3961-5a17-4705-ae15-8fc9c2b219da,,NIKE 2025 Men's AIR MAX BIA Casual Sneakers IF2624-005,"[""https://ae-pic-a1.aliexpress-media.com/kf/Sbe0e9de58c0b4e3aa41d94dc3aaeab33V.jpg""]",3256809215731834,,3256809215731834,109.64,"[{""date"": ""2025-08-20T08:08:32.785875Z"", ""price"": 109.64, ""currency"": ""USD""}]",,,10,New,New,None,NA,No,2025-08-20 08:08:32.781,2025-08-20 08:08:32.781,Unverified,,,,USD,,NotSubmitted,NA,False,NA,False,https://www.aliexpress.com/item/3256809215731834.html,Active,Nike
345ef98b-796e-492f-80ba-228acdd35b0e,,Nike Women's Shoes Air Jordan 1 Low (Gs) Sneakers Daily Casual Low-Top Sneakers Fv8486-400,"[""https://ae-pic-a1.aliexpress-media.com/kf/Sfbcdc5fcfa974f239d39b06a76f1f4c3r.jpg""]",3256808961484564,,3256808961484564,125.66,"[{""date"": ""2025-08-20T08:08:32.785891Z"", ""price"": 125.66, ""currency"": ""USD""}]",,,2,New,New,None,NA,No,2025-08-20 08:08:32.781,2025-08-20 08:08:32.781,Unverified,,,,USD,,NotSubmitted,NA,False,NA,False,https://www.aliexpress.com/item/3256808961484564.html,Active,Nike
302de4d0-86f0-44fe-a5ba-ffbf4b8d8f72,,NIKE 2025 Women's WMNS NIKE COURT LEGACY LIFT Casual Sports Shoes DM7590-601,"[""https://ae-pic-a1.aliexpress-media.com/kf/S8cc9bcd6da904229a176f46f280eea4dT.jpg""]",3256809391502459,,3256809391502459,107.78,"[{""date"": ""2025-08-20T08:08:32.785905Z"", ""price"": 107.78, ""currency"": ""USD""}]",,,1,New,New,None,NA,No,2025-08-20 08:08:32.781,2025-08-20 08:08:32.781,Unverified,,,,USD,,NotSubmitted,NA,False,NA,False,https://www.aliexpress.com/item/3256809391502459.html,Active,Nike
6777b225-285e-427f-975b-a6ee00a9d912,,Nike Men's Shoes Sb Force 58 Sports Shoes Skateboard Shoes Casual Shoes Retro Lightweight Sneakers Cz2959-100,"[""https://ae-pic-a1.aliexpress-media.com/kf/Sa81b81211f8149fbab72b77f7f707cc4a.jpg""]",3256809239147753,,3256809239147753,98.49,"[{""date"": ""2025-08-20T08:08:32.785922Z"", ""price"": 98.49, ""currency"": ""USD""}]",,,1,New,New,None,NA,No,2025-08-20 08:08:32.781,2025-08-20 08:08:32.781,Unverified,,,,USD,,NotSubmitted,NA,False,NA,False,https://www.aliexpress.com/item/3256809239147753.html,Active,Nike
cfb907f3-63b7-49ee-9507-c47cfb8f8bd6,,Nike Women's Shoes Big Children's Shoes Court Borough Low Recraft (Gs) Sports Shoes Low-Top Fashion Trendy Casual Shoes Dv5456-128,"[""https://ae-pic-a1.aliexpress-media.com/kf/Se4e7185456304a0aa39aa7862b65436f3.jpg""]",3256808968431699,,3256808968431699,166.93,"[{""date"": ""2025-08-20T08:08:32.785938Z"", ""price"": 166.93, ""currency"": ""USD""}]",,,,New,New,None,NA,No,2025-08-20 08:08:32.781,2025-08-20 08:08:32.781,Unverified,,,,USD,,NotSubmitted,NA,False,NA,False,https://www.aliexpress.com/item/3256808968431699.html,Active,Nike
ee116957-cf69-444b-af54-4d726806d45b,,Nike Women's Shoes Motiva Sports Shoes Fashionable Plaid Cushioning Breathable Running Shoes Dv1238-102,"[""https://ae-pic-a1.aliexpress-media.com/kf/S8fac176842f94ec793890ce56cadae61w.jpg""]",3256809494973591,,3256809494973591,85.28,"[{""date"": ""2025-08-20T08:08:32.785952Z"", ""price"": 85.28, ""currency"": ""USD""}]",,,,New,New,None,NA,No,2025-08-20 08:08:32.781,2025-08-20 08:08:32.781,Unverified,,,,USD,,NotSubmitted,NA,False,NA,False,https://www.aliexpress.com/item/3256809494973591.html,Active,Nike
0701e98e-bb1c-4422-a2e7-a9965ff97aef,,NIKE 2025 Men's NIKE C1TY PRM Casual Sports Shoes HJ4316-700,"[""https://ae-pic-a1.aliexpress-media.com/kf/Sc3eed6eaed8e420ab2911351309d37f5U.jpg""]",3256808589145298,,3256808589145298,162.08,"[{""date"": ""2025-08-20T08:08:32.785967Z"", ""price"": 162.08, ""currency"": ""USD""}]",,,6,New,New,None,NA,No,2025-08-20 08:08:32.781,2025-08-20 08:08:32.781,Unverified,,,,USD,,NotSubmitted,NA,False,NA,False,https://www.aliexpress.com/item/3256808589145298.html,Active,Nike
f2209a91-fa5f-4550-b2ca-c3e014e2d336,,NIKE 2025 Women's W NIKE PACIFIC Casual Sneaker HM4771-300,"[""https://ae-pic-a1.aliexpress-media.com/kf/Sb2b755e64a6243a59bf2bf1d8d75726aa.jpg""]",3256808891368589,,3256808891368589,95.88,"[{""date"": ""2025-08-20T08:08:32.785981Z"", ""price"": 95.88, ""currency"": ""USD""}]",,,2,New,New,None,NA,No,2025-08-20 08:08:32.781,2025-08-20 08:08:32.781,Unverified,,,,USD,,NotSubmitted,NA,False,NA,False,https://www.aliexpress.com/item/3256808891368589.html,Active,Nike
cc61a2ae-48e4-4cb8-a670-a00532c0100d,,Nike Men's Shoes P-6000 Sports Shoes Retro Casual Shoes Light Cushioning Running Shoes Cd6404-105,"[""https://ae-pic-a1.aliexpress-media.com/kf/S9da630bc97f94a4bab2475a1ca4a4dd0v.jpg""]",3256808966144975,,3256808966144975,294.35,"[{""date"": ""2025-08-20T08:08:32.785996Z"", ""price"": 294.35, ""currency"": ""USD""}]",,,2,New,New,None,NA,No,2025-08-20 08:08:32.781,2025-08-20 08:08:32.781,Unverified,,,,USD,,NotSubmitted,NA,False,NA,False,https://www.aliexpress.com/item/3256808966144975.html,Active,Nike
3e46a600-6194-4aab-a4c9-f11a37f41049,,Nike 2025 Men's AIR JORDAN LEGACY 312 LOW Jordan Basketball Shoes CD7069-118,"[""https://ae-pic-a1.aliexpress-media.com/kf/S76078f1e2a9c4feea3ef6ec389b39202d.jpg""]",3256809124247306,,3256809124247306,184.4,"[{""date"": ""2025-08-20T08:08:32.786012Z"", ""price"": 184.4, ""currency"": ""USD""}]",,,3,New,New,None,NA,No,2025-08-20 08:08:32.781,2025-08-20 08:08:32.781,Unverified,,,,USD,,NotSubmitted,NA,False,NA,False,https://www.aliexpress.com/item/3256809124247306.html,Active,Nike
d933eec3-c5bd-42d2-b8ed-cefba1f0f1db,,Nike Women's Shoes V2K Run Sneakers Fashion Retro Dad Shoes Lightweight Breathable Casual Shoes Fd0736-010,"[""https://ae-pic-a1.aliexpress-media.com/kf/S8b8b459e79544a678bfc23e9289ae2cfZ.jpg""]",3256809493795627,,3256809493795627,125.89,"[{""date"": ""2025-08-20T08:08:32.786032Z"", ""price"": 125.89, ""currency"": ""USD""}]",,,,New,New,None,NA,No,2025-08-20 08:08:32.781,2025-08-20 08:08:32.781,Unverified,,,,USD,,NotSubmitted,NA,False,NA,False,https://www.aliexpress.com/item/3256809493795627.html,Active,Nike
e8c9a3d0-91a6-45e6-b3a4-2dc7ac14c47b,,Nike Men's Shoes Dunk Low Retro Bttys Sports Shoes Low-Top Casual Retro Sports Board Shoes Hf5441-105,"[""https://ae-pic-a1.aliexpress-media.com/kf/S800be013c75d45c99cab8149ce69063bp.jpg""]",3256809496087779,,3256809496087779,117.41,"[{""date"": ""2025-08-20T08:08:32.786048Z"", ""price"": 117.41, ""currency"": ""USD""}]",,,,New,New,None,NA,No,2025-08-20 08:08:32.781,2025-08-20 08:08:32.781,Unverified,,,,USD,,NotSubmitted,NA,False,NA,False,https://www.aliexpress.com/item/3256809496087779.html,Active,Nike
1bf25acf-298b-4721-8900-9cb2cbca1ae0,,Nike Men's Shoes Revolution 8 Revolution 8 Plaid Non-Slip Wear-Resistant Low-Top Casual Running Shoes Hj9198-401,"[""https://ae-pic-a1.aliexpress-media.com/kf/Sc4d5317a9aff42aa8d77e464c97819531.jpg""]",3256809512009176,,3256809512009176,76.67,"[{""date"": ""2025-08-20T08:08:32.786166Z"", ""price"": 76.67, ""currency"": ""USD""}]",,,,New,New,None,NA,No,2025-08-20 08:08:32.781,2025-08-20 08:08:32.781,Unverified,,,,USD,,NotSubmitted,NA,False,NA,False,https://www.aliexpress.com/item/3256809512009176.html,Active,Nike
20657088-a681-4b41-84ef-8337010095c3,,Nike Women's Shoes Vomero 18 Running Shoes Plaid Cushioning Breathable Women's Outdoor Fitness Training Shoes Sneakers Hm6804-600,"[""https://ae-pic-a1.aliexpress-media.com/kf/S6cfeeafbd74b40dc83d3c9fda2308a5fS.jpg""]",3256809512761564,,3256809512761564,169.21,"[{""date"": ""2025-08-20T08:08:32.786221Z"", ""price"": 169.21, ""currency"": ""USD""}]",,,,New,New,None,NA,No,2025-08-20 08:08:32.781,2025-08-20 08:08:32.781,Unverified,,,,USD,,NotSubmitted,NA,False,NA,False,https://www.aliexpress.com/item/3256809512761564.html,Active,Nike
414f8a25-9d52-489d-9bd3-fdd5501c6a41,,Nike Women's Shoes Offcourt Slide Fashionable Simple Home Sandals Wear-Resistant Breathable Casual Flip Flops Bq4632-011,"[""https://ae-pic-a1.aliexpress-media.com/kf/Sbe0db8e8ef844001a0df768459456df5n.jpg""]",3256808975418772,,3256808975418772,28.56,"[{""date"": ""2025-08-20T08:08:32.786301Z"", ""price"": 28.56, ""currency"": ""USD""}]",,,1,New,New,None,NA,No,2025-08-20 08:08:32.781,2025-08-20 08:08:32.781,Unverified,,,,USD,,NotSubmitted,NA,False,NA,False,https://www.aliexpress.com/item/3256808975418772.html,Active,Nike
842385ee-7a19-4554-bfe9-9f00bb9d67c6,,Nike Male Shoes G.T Cut 3 Ep Sports Shoes Competition Training Field Practical Cushioning Basketball Shoes Dv2918-602,"[""https://ae-pic-a1.aliexpress-media.com/kf/Sfc7d0acf6e264078a7363eb5826ad598o.jpg""]",3256809510129403,,3256809510129403,207.11,"[{""date"": ""2025-08-20T08:08:32.786323Z"", ""price"": 207.11, ""currency"": ""USD""}]",,,,New,New,None,NA,No,2025-08-20 08:08:32.781,2025-08-20 08:08:32.781,Unverified,,,,USD,,NotSubmitted,NA,False,NA,False,https://www.aliexpress.com/item/3256809510129403.html,Active,Nike
43dc2a89-17bf-4812-a021-99282462d188,,Nike | Air Force 1 Mid Top Sneaker,"[""https://ae-pic-a1.aliexpress-media.com/kf/S0d481d1b47bc4513a3ea8e99680d420au.jpg""]",3256808326279157,,3256808326279157,50.88,"[{""date"": ""2025-08-20T08:08:32.786343Z"", ""price"": 50.88, ""currency"": ""USD""}]",,,2,New,New,None,NA,No,2025-08-20 08:08:32.781,2025-08-20 08:08:32.781,Unverified,,,,USD,,NotSubmitted,NA,False,NA,False,https://www.aliexpress.com/item/3256808326279157.html,Active,Nike
e6a9245a-13bd-44a8-bc9e-4f2242457837,,"Nike Women's Shoes, Big Children's Shoes, Air Force 1 Lv8 4 (Gs) Sports Shoes, Casual Shoes, Low-Top Sneakers Fq4118-100","[""https://ae-pic-a1.aliexpress-media.com/kf/S7284b3a93c8446cfa636c63b7df9d2bdc.jpg""]",3256808975149832,,3256808975149832,101.29,"[{""date"": ""2025-08-20T08:08:32.786359Z"", ""price"": 101.29, ""currency"": ""USD""}]",,,1,New,New,None,NA,No,2025-08-20 08:08:32.781,2025-08-20 08:08:32.781,Unverified,,,,USD,,NotSubmitted,NA,False,NA,False,https://www.aliexpress.com/item/3256808975149832.html,Active,Nike
806ce51c-12ff-41d7-840e-53ab760a4af1,,NIKE 2025 Men's NIKE RUN DEFY Running Shoes HM9594-102,"[""https://ae-pic-a1.aliexpress-media.com/kf/S40f8ba34a7b7481f9f7c4c9a959a813dr.jpg""]",3256808501443349,,3256808501443349,89.24,"[{""date"": ""2025-08-20T08:08:32.786375Z"", ""price"": 89.24, ""currency"": ""USD""}]",,,6,New,New,None,NA,No,2025-08-20 08:08:32.781,2025-08-20 08:08:32.781,Unverified,,,,USD,,NotSubmitted,NA,False,NA,False,https://www.aliexpress.com/item/3256808501443349.html,Active,Nike
43db6439-0508-4dd2-a023-0373bd83605e,,Nike Women's Shoes Al8 Sports Shoes Sports Casual Shoes Dad Shoes Fj3794-102,"[""https://ae-pic-a1.aliexpress-media.com/kf/Sc13f93601c5a4014b793068167bcc25a6.jpg""]",3256808959231052,,3256808959231052,93.83,"[{""date"": ""2025-08-20T08:08:32.786390Z"", ""price"": 93.83, ""currency"": ""USD""}]",,,2,New,New,None,NA,No,2025-08-20 08:08:32.781,2025-08-20 08:08:32.781,Unverified,,,,USD,,NotSubmitted,NA,False,NA,False,https://www.aliexpress.com/item/3256808959231052.html,Active,Nike
e2d51b35-0f2f-481a-9540-2713367c04db,,Nike Women's Shoes Big Kidsren's Shoes Court Borough Mid 2 (Gs) Sports Shoes Fashion Trendy Velcro Casual Shoes Mid-Top Retro Sneakers Cd7782-123,"[""https://ae-pic-a1.aliexpress-media.com/kf/S88fdc63dade743fcb1bff048007ca178W.jpg""]",3256809505141483,,3256809505141483,60.75,"[{""date"": ""2025-08-20T08:08:32.786407Z"", ""price"": 60.75, ""currency"": ""USD""}]",,,,New,New,None,NA,No,2025-08-20 08:08:32.781,2025-08-20 08:08:32.781,Unverified,,,,USD,,NotSubmitted,NA,False,NA,False,https://www.aliexpress.com/item/3256809505141483.html,Active,Nike
a5ac970f-14bc-45e6-a160-3547954faa56,,Nike Male Shoes G.T Cut 3 Ep Basketball Shoes Plaid Cushioning Breathable Men's Shoes Competition Training Shoes Fitness Running Shoes Ib8870-191,"[""https://ae-pic-a1.aliexpress-media.com/kf/Sffe5362dfc7f4c2883d8980d5c93abf6c.jpg""]",3256809497033059,,3256809497033059,207.64,"[{""date"": ""2025-08-20T08:08:32.786423Z"", ""price"": 207.64, ""currency"": ""USD""}]",,,,New,New,None,NA,No,2025-08-20 08:08:32.781,2025-08-20 08:08:32.781,Unverified,,,,USD,,NotSubmitted,NA,False,NA,False,https://www.aliexpress.com/item/3256809497033059.html,Active,Nike
5b2e820e-f00b-4e25-b494-9a7c943e7ce5,,Nike Women's Shoes Big Children's Shoes Sb Check Cnvs (Gs) Low-Top Casual Shoes Sports Trendyy Sneakers 905373-003,"[""https://ae-pic-a1.aliexpress-media.com/kf/S90ce1e888b0b47a0bd429f00f7a3f4daN.jpg""]",3256808967239254,,3256808967239254,156.81,"[{""date"": ""2025-08-20T08:08:32.786440Z"", ""price"": 156.81, ""currency"": ""USD""}]",,,,New,New,None,NA,No,2025-08-20 08:08:32.781,2025-08-20 08:08:32.781,Unverified,,,,USD,,NotSubmitted,NA,False,NA,False,https://www.aliexpress.com/item/3256808967239254.html,Active,Nike
18087530-697f-493b-aad1-ca97f80b0a3f,,Nike Men's Shoes Giannis Freak 6 Nrg Ep Fashion Sneakers Training Basketball Shoes Running Shoes Hf1819-700,"[""https://ae-pic-a1.aliexpress-media.com/kf/S53e9fc856a3341a9a3fba4bdf01fa19aX.jpg""]",3256809506483199,,3256809506483199,114.94,"[{""date"": ""2025-08-20T08:08:32.786457Z"", ""price"": 114.94, ""currency"": ""USD""}]",,,,New,New,None,NA,No,2025-08-20 08:08:32.781,2025-08-20 08:08:32.781,Unverified,,,,USD,,NotSubmitted,NA,False,NA,False,https://www.aliexpress.com/item/3256809506483199.html,Active,Nike
a7a55bde-0cb1-4d55-8829-22997dbd82b4,,Nike 2025 Men's GIANNIS FREAK 7 EP Basketball Sneakers HF3451-800,"[""https://ae-pic-a1.aliexpress-media.com/kf/S78fe46d2fd0144c8896cdf6db607ada4G.jpg""]",3256809398096925,,3256809398096925,154.65,"[{""date"": ""2025-08-20T08:08:32.786475Z"", ""price"": 154.65, ""currency"": ""USD""}]",,,2,New,New,None,NA,No,2025-08-20 08:08:32.781,2025-08-20 08:08:32.781,Unverified,,,,USD,,NotSubmitted,NA,False,NA,False,https://www.aliexpress.com/item/3256809398096925.html,Active,Nike
5bb5066e-f1fe-4de0-81f4-0c9ef270aa35,,Nike Women's Shoes Court Vision Lo Nn Sports Shoes Outdoor Lightweight Comfortable Casual Daily Low-Top Sneakers Dh3158-107,"[""https://ae-pic-a1.aliexpress-media.com/kf/Sfd9fe761f6dc4fb0948fbad3273356b5f.jpg""]",3256808968931978,,3256808968931978,226.35,"[{""date"": ""2025-08-20T08:08:32.786494Z"", ""price"": 226.35, ""currency"": ""USD""}]",,,,New,New,None,NA,No,2025-08-20 08:08:32.781,2025-08-20 08:08:32.781,Unverified,,,,USD,,NotSubmitted,NA,False,NA,False,https://www.aliexpress.com/item/3256808968931978.html,Active,Nike
8f71b752-076f-4419-b420-b4922b910b7e,,Nike Male Shoes G.T Cut 3 Jl Per Sports Shoes Competition Training Field Practical Cushioning Basketball Shoes If2523-100,"[""https://ae-pic-a1.aliexpress-media.com/kf/S94216a890b1d441591b28f6d35d702b3h.jpg""]",3256809512961346,,3256809512961346,239.96,"[{""date"": ""2025-08-20T08:08:32.786511Z"", ""price"": 239.96, ""currency"": ""USD""}]",,,,New,New,None,NA,No,2025-08-20 08:08:32.781,2025-08-20 08:08:32.781,Unverified,,,,USD,,NotSubmitted,NA,False,NA,False,https://www.aliexpress.com/item/3256809512961346.html,Active,Nike
f1c7f5f3-17f6-423c-adce-55732df8ad08,,Nike Men's Shoes Giannis Freak 6 Ep Sports Shoes Competition Training Court Actual Combat Cushioning Basketball Shoes Fj7807-500,"[""https://ae-pic-a1.aliexpress-media.com/kf/Sa2a5541521f0474993396594fe3266a61.jpg""]",3256809512097648,,3256809512097648,119.87,"[{""date"": ""2025-08-20T08:08:32.786601Z"", ""price"": 119.87, ""currency"": ""USD""}]",,,,New,New,None,NA,No,2025-08-20 08:08:32.781,2025-08-20 08:08:32.781,Unverified,,,,USD,,NotSubmitted,NA,False,NA,False,https://www.aliexpress.com/item/3256809512097648.html,Active,Nike
e77f8e03-6970-4377-b514-45fa761847be,,Nike Women's Shoes Zoom Vomero 5 Sports Shoes Retro Dad Shoes Trendyy Fashion Casual Shoes Hf7723-100,"[""https://ae-pic-a1.aliexpress-media.com/kf/Sdceb340d8b9042d09a14cf3e5a49ec9fB.jpg""]",3256808975021366,,3256808975021366,146.82,"[{""date"": ""2025-08-20T08:08:32.786622Z"", ""price"": 146.82, ""currency"": ""USD""}]",,,,New,New,None,NA,No,2025-08-20 08:08:32.781,2025-08-20 08:08:32.781,Unverified,,,,USD,,NotSubmitted,NA,False,NA,False,https://www.aliexpress.com/item/3256808975021366.html,Active,Nike
31e47846-d04b-46b8-93c0-d58e8b6f1090,,Nike Men's Shoes Defyallday Casual Shoes Dad Shoes Running Shoes Dj1196-101,"[""https://ae-pic-a1.aliexpress-media.com/kf/Sd4205937bda34f8fa8fb7899cf641ac8x.jpg""]",3256808962846095,,3256808962846095,76.77,"[{""date"": ""2025-08-20T08:08:32.786640Z"", ""price"": 76.77, ""currency"": ""USD""}]",,,1,New,New,None,NA,No,2025-08-20 08:08:32.781,2025-08-20 08:08:32.781,Unverified,,,,USD,,NotSubmitted,NA,False,NA,False,https://www.aliexpress.com/item/3256808962846095.html,Active,Nike
a19ce5a7-8163-4e91-a94b-37006e90497b,,Nike Men's Shoes Revolution 7 Wide Sports Shoes Plaid Running Shoes Cushioning Breathable Wear Road Running Shoes Fb8501-001,"[""https://ae-pic-a1.aliexpress-media.com/kf/Sf637fcebee5148138e44b2fbd30fc0b7B.jpg""]",3256809503782586,,3256809503782586,72.14,"[{""date"": ""2025-08-20T08:08:32.786659Z"", ""price"": 72.14, ""currency"": ""USD""}]",,,,New,New,None,NA,No,2025-08-20 08:08:32.781,2025-08-20 08:08:32.781,Unverified,,,,USD,,NotSubmitted,NA,False,NA,False,https://www.aliexpress.com/item/3256809503782586.html,Active,Nike
eab5b989-4d62-4eb9-9064-07643d8e86de,,Nike Men's Shoes Offcourt Slide Sandals Outdoor Plaid Breathable Lightweight Casual Beach Shoes Bq4639-012,"[""https://ae-pic-a1.aliexpress-media.com/kf/Se20d750a183c4c309b5b4f46488d7b3dm.jpg""]",3256809492816095,,3256809492816095,35.04,"[{""date"": ""2025-08-20T08:08:32.786677Z"", ""price"": 35.04, ""currency"": ""USD""}]",,,,New,New,None,NA,No,2025-08-20 08:08:32.781,2025-08-20 08:08:32.781,Unverified,,,,USD,,NotSubmitted,NA,False,NA,False,https://www.aliexpress.com/item/3256809492816095.html,Active,Nike
2c3e16c0-3a3f-4685-9bf9-6c3e3760e23f,,Nike Men's Shoes Sb Force 58 Prm L Sports Shoes Fashion Trend Skateboard Shoes Retro Low-Top Board Shoes Dv5476-002,"[""https://ae-pic-a1.aliexpress-media.com/kf/S2e9240249ea449b4b4576189883fa5680.jpg""]",3256809513438498,,3256809513438498,76.25,"[{""date"": ""2025-08-20T08:08:32.786694Z"", ""price"": 76.25, ""currency"": ""USD""}]",,,,New,New,None,NA,No,2025-08-20 08:08:32.781,2025-08-20 08:08:32.781,Unverified,,,,USD,,NotSubmitted,NA,False,NA,False,https://www.aliexpress.com/item/3256809513438498.html,Active,Nike
47caf949-a8e5-435c-b33e-7be9a989ea55,,NIKE 2025 Women's WMNS NIKE FIELD GENERAL Casual Shoes FZ5593-001,"[""https://ae-pic-a1.aliexpress-media.com/kf/S2a40d6f9919d4e17bc9f1a8194aeae82I.jpg""]",3256808368099627,,3256808368099627,84.53,"[{""date"": ""2025-08-20T08:08:32.786711Z"", ""price"": 84.53, ""currency"": ""USD""}]",,,,New,New,None,NA,No,2025-08-20 08:08:32.781,2025-08-20 08:08:32.781,Unverified,,,,USD,,NotSubmitted,NA,False,NA,False,https://www.aliexpress.com/item/3256808368099627.html,Active,Nike
298a9f4a-54a0-4c5a-a993-1b74d1a4a529,,Nike Men's Shoes Air Max Bia Sports Shoes Trendy Casual Shoes Plaid Cushioning Running Shoes If2624-100,"[""https://ae-pic-a1.aliexpress-media.com/kf/Sc8fc6bef0bbd48aa84bdfb2769cd3b1cK.jpg""]",3256809510871529,,3256809510871529,91.72,"[{""date"": ""2025-08-20T08:08:32.786729Z"", ""price"": 91.72, ""currency"": ""USD""}]",,,,New,New,None,NA,No,2025-08-20 08:08:32.781,2025-08-20 08:08:32.781,Unverified,,,,USD,,NotSubmitted,NA,False,NA,False,https://www.aliexpress.com/item/3256809510871529.html,Active,Nike
ec9683f7-c63a-4408-ba95-703380466687,,NIKE 2025 Men's NIKE S.T. FLARE EP Basketball Shoes HF0232-001,"[""https://ae-pic-a1.aliexpress-media.com/kf/S3845261ba2a3425c84224bb83e076cf72.jpg""]",3256809523068239,,3256809523068239,134.52,"[{""date"": ""2025-08-20T08:08:32.786747Z"", ""price"": 134.52, ""currency"": ""USD""}]",,,,New,New,None,NA,No,2025-08-20 08:08:32.781,2025-08-20 08:08:32.781,Unverified,,,,USD,,NotSubmitted,NA,False,NA,False,https://www.aliexpress.com/item/3256809523068239.html,Active,Nike
d029d2a4-b12f-45ed-8909-b5722e04baa9,,Nike Men's Shoes Pegasus Plus Sports Shoes Competition Training Wear-Resistant Cushioning Running Shoes Fq7262-402,"[""https://ae-pic-a1.aliexpress-media.com/kf/Sdd3ad5ee44824cfbbed359a9b8464d18Y.jpg""]",3256809509816019,,3256809509816019,185.06,"[{""date"": ""2025-08-20T08:08:32.786764Z"", ""price"": 185.06, ""currency"": ""USD""}]",,,,New,New,None,NA,No,2025-08-20 08:08:32.781,2025-08-20 08:08:32.781,Unverified,,,,USD,,NotSubmitted,NA,False,NA,False,https://www.aliexpress.com/item/3256809509816019.html,Active,Nike
f785caee-4f9c-4c3c-b132-e1c304669838,,Nike Men's Shoes Air Max Alpha Trainer 5 Sports Shoes Plaid Casual Shoes Breathable Running Shoes Dm0829-001,"[""https://ae-pic-a1.aliexpress-media.com/kf/Sc3428d2d32664f30aa418c6d4c1618732.jpg""]",3256808966490964,,3256808966490964,253.18,"[{""date"": ""2025-08-20T08:08:32.786781Z"", ""price"": 253.18, ""currency"": ""USD""}]",,,,New,New,None,NA,No,2025-08-20 08:08:32.781,2025-08-20 08:08:32.781,Unverified,,,,USD,,NotSubmitted,NA,False,NA,False,https://www.aliexpress.com/item/3256808966490964.html,Active,Nike
4f1d3510-7866-4525-9e90-616c977566cb,,Nike Women's Shoes Big Children's Shoes Lebron Xxii Sn Gs Sports Shoes Casual Shoes Competition Practical Training Basketball Shoes Hv8617-600,"[""https://ae-pic-a1.aliexpress-media.com/kf/Sa4d1b946019c4817ac758b3264fd4c1en.jpg""]",3256808970725315,,3256808970725315,168.26,"[{""date"": ""2025-08-20T08:08:32.786834Z"", ""price"": 168.26, ""currency"": ""USD""}]",,,1,New,New,None,NA,No,2025-08-20 08:08:32.781,2025-08-20 08:08:32.781,Unverified,,,,USD,,NotSubmitted,NA,False,NA,False,https://www.aliexpress.com/item/3256808970725315.html,Active,Nike
9430af8c-406c-4e04-bdf6-698a6c35bec1,,Nike Women's Shoes Court Vision Mid Sports Shoes Retro Trendyy Mid-Top Casual Sneakers Cd5436-106,"[""https://ae-pic-a1.aliexpress-media.com/kf/S876c94434afd4a28a5beffdb5a2ed20cu.jpg""]",3256808967820529,,3256808967820529,95.25,"[{""date"": ""2025-08-20T08:08:32.786868Z"", ""price"": 95.25, ""currency"": ""USD""}]",,,,New,New,None,NA,No,2025-08-20 08:08:32.781,2025-08-20 08:08:32.781,Unverified,,,,USD,,NotSubmitted,NA,False,NA,False,https://www.aliexpress.com/item/3256808967820529.html,Active,Nike
898aae04-e700-44b1-a2cf-274d493c1c3c,,Nike Men's Shoes Air Flight \'89 Low Sports Shoes Trendy Fashion Plaid Abrasion Resistant Casual Shoes Hj4484-101,"[""https://ae-pic-a1.aliexpress-media.com/kf/S226fbde2cfdd4018b9eb07964efaec4fJ.jpg""]",3256809505935810,,3256809505935810,145.25,"[{""date"": ""2025-08-20T08:08:32.786890Z"", ""price"": 145.25, ""currency"": ""USD""}]",,,,New,New,None,NA,No,2025-08-20 08:08:32.781,2025-08-20 08:08:32.781,Unverified,,,,USD,,NotSubmitted,NA,False,NA,False,https://www.aliexpress.com/item/3256809505935810.html,Active,Nike
91190fc9-50c5-4895-beb7-ef182559a328,,Nike Women's Shoes Big Children's Shoes Sb Day One (Gs) Sports Shoes Light Casual Shoes Low-Top Skateboard Shoes Fn4210-003,"[""https://ae-pic-a1.aliexpress-media.com/kf/Sadda8bcb76e54e8cad4480044dfcafd7S.jpg""]",3256808968040532,,3256808968040532,85.99,"[{""date"": ""2025-08-20T08:08:32.786910Z"", ""price"": 85.99, ""currency"": ""USD""}]",,,1,New,New,None,NA,No,2025-08-20 08:08:32.781,2025-08-20 08:08:32.781,Unverified,,,,USD,,NotSubmitted,NA,False,NA,False,https://www.aliexpress.com/item/3256808968040532.html,Active,Nike
c2f57739-74cc-410f-9885-1a6b9ab76e7e,,Nike Men's Shoes Air Max Bia Sports Shoes Trendy Casual Shoes Cushioning Running Shoes If2624-100,"[""https://ae-pic-a1.aliexpress-media.com/kf/Sc8fc6bef0bbd48aa84bdfb2769cd3b1cK.jpg""]",3256809280377708,,3256809280377708,100.77,"[{""date"": ""2025-08-20T08:08:32.786933Z"", ""price"": 100.77, ""currency"": ""USD""}]",,,6,New,New,None,NA,No,2025-08-20 08:08:32.781,2025-08-20 08:08:32.781,Unverified,,,,USD,,NotSubmitted,NA,False,NA,False,https://www.aliexpress.com/item/3256809280377708.html,Active,Nike
a6a51702-195b-444b-b9ad-3d06a982363e,,Nike Men's Shoes P-6000 Sports Shoes Retro Casual Shoes Light Cushioning Running Shoes Hj3488-001,"[""https://ae-pic-a1.aliexpress-media.com/kf/Sa05745b8a74f474298f52c959d0cce514.jpg""]",3256808962511440,,3256808962511440,94.94,"[{""date"": ""2025-08-20T08:08:32.786952Z"", ""price"": 94.94, ""currency"": ""USD""}]",,,,New,New,None,NA,No,2025-08-20 08:08:32.781,2025-08-20 08:08:32.781,Unverified,,,,USD,,NotSubmitted,NA,False,NA,False,https://www.aliexpress.com/item/3256808962511440.html,Active,Nike
384cffd1-bebe-4000-976d-ca507ec63163,,Nike Women's Shoes V2K Run Dad Shoes Casual Shoes Fashion Retro Sports Shoes Outdoor Travel Shoes Jogging Shoes Hf5342-100,"[""https://ae-pic-a1.aliexpress-media.com/kf/Sdf3969388d984709b634998ddc38967aG.jpg""]",3256809502590054,,3256809502590054,107.8,"[{""date"": ""2025-08-20T08:08:32.786971Z"", ""price"": 107.8, ""currency"": ""USD""}]",,,,New,New,None,NA,No,2025-08-20 08:08:32.781,2025-08-20 08:08:32.781,Unverified,,,,USD,,NotSubmitted,NA,False,NA,False,https://www.aliexpress.com/item/3256809502590054.html,Active,Nike
3c557b85-3ceb-4cac-8272-77f1a75a1e86,,Nike Men's Shoes G.T Cut 3 Jl Per Sneakers Competition Training Field Actual Cushioning Basketball Shoes If2523-100,"[""https://ae-pic-a1.aliexpress-media.com/kf/S94216a890b1d441591b28f6d35d702b3h.jpg""]",3256809258399691,,3256809258399691,288.84,"[{""date"": ""2025-08-20T08:08:32.786989Z"", ""price"": 288.84, ""currency"": ""USD""}]",,,2,New,New,None,NA,No,2025-08-20 08:08:32.781,2025-08-20 08:08:32.781,Unverified,,,,USD,,NotSubmitted,NA,False,NA,False,https://www.aliexpress.com/item/3256809258399691.html,Active,Nike
7ab72066-d35c-40f0-bcbc-a224c2af2a8a,,"Nike Women's Shoes, Big Children's Shoes, Court Borough Low Recraftbgcn Fashionable Casual Shoes, Light and Comfortable Low-Cut Sneakers Fv8121-131","[""https://ae-pic-a1.aliexpress-media.com/kf/S42311dc1b5e0485596d0ca30fd86ba9bf.jpg""]",3256809244178775,,3256809244178775,77.21,"[{""date"": ""2025-08-20T08:08:32.787008Z"", ""price"": 77.21, ""currency"": ""USD""}]",,,,New,New,None,NA,No,2025-08-20 08:08:32.781,2025-08-20 08:08:32.781,Unverified,,,,USD,,NotSubmitted,NA,False,NA,False,https://www.aliexpress.com/item/3256809244178775.html,Active,Nike
d38ff2ef-718b-4019-adc9-87139268a52b,,Nike Men's Shoes Revolution 7 Wide Sports Shoes Plaid Running Shoes Cushioning and Wear-Resistant Road Running Shoes Fb8501-001,"[""https://ae-pic-a1.aliexpress-media.com/kf/Sf637fcebee5148138e44b2fbd30fc0b7B.jpg""]",3256808962267529,,3256808962267529,82.4,"[{""date"": ""2025-08-20T08:08:32.787038Z"", ""price"": 82.4, ""currency"": ""USD""}]",,,,New,New,None,NA,No,2025-08-20 08:08:32.781,2025-08-20 08:08:32.781,Unverified,,,,USD,,NotSubmitted,NA,False,NA,False,https://www.aliexpress.com/item/3256808962267529.html,Active,Nike
294dff5c-c933-449f-8df1-30d900e71b61,,Nike Women's Shoes Big Children's Shoes Air Zoom Pegasus 40 Gs Sports Shoes Running Shoes Light Breathable Running Shoes Dx2498-001,"[""https://ae-pic-a1.aliexpress-media.com/kf/S916745637d2c4a3090e3ca583a68ddd3Z.jpg""]",3256808974507991,,3256808974507991,78.29,"[{""date"": ""2025-08-20T08:08:32.787055Z"", ""price"": 78.29, ""currency"": ""USD""}]",,,1,New,New,None,NA,No,2025-08-20 08:08:32.781,2025-08-20 08:08:32.781,Unverified,,,,USD,,NotSubmitted,NA,False,NA,False,https://www.aliexpress.com/item/3256808974507991.html,Active,Nike
ca3df392-9fbb-4dc0-870b-2ee9d700396e,,Nike (Nike) Men's Shoes Air Flight \'89 Low Sports Shoes Fashion Trend Retro Casual Shoes Hj4484-102,"[""https://ae-pic-a1.aliexpress-media.com/kf/Se5eedede278e4594bb85492c5122590fs.jpg""]",3256809506559656,,3256809506559656,144.36,"[{""date"": ""2025-08-20T08:08:32.787073Z"", ""price"": 144.36, ""currency"": ""USD""}]",,,,New,New,None,NA,No,2025-08-20 08:08:32.781,2025-08-20 08:08:32.781,Unverified,,,,USD,,NotSubmitted,NA,False,NA,False,https://www.aliexpress.com/item/3256809506559656.html,Active,Nike
72ba9bd4-f565-4abe-b20e-fc651b0868fe,,Nike Men's Shoes Air Zoom Pegasus 41 Sneakers Marathon Running Shoes Wear-Resistant Cushioning Plaid Running Shoes Fd2722-015,"[""https://ae-pic-a1.aliexpress-media.com/kf/S45a0233c870c4a288ec4c6507dd19f7fr.jpg""]",3256809505411327,,3256809505411327,143.17,"[{""date"": ""2025-08-20T08:08:32.787089Z"", ""price"": 143.17, ""currency"": ""USD""}]",,,,New,New,None,NA,No,2025-08-20 08:08:32.781,2025-08-20 08:08:32.781,Unverified,,,,USD,,NotSubmitted,NA,False,NA,False,https://www.aliexpress.com/item/3256809505411327.html,Active,Nike
56a34421-437c-42e1-8056-106a2b3b8e98,,NIKE 2025 Women W NIKE AIR MAX PORTAL SE Casual Sneakers HM0256-001,"[""https://ae-pic-a1.aliexpress-media.com/kf/S1e08062b432543aca199048650074e2fI.jpg""]",3256808292849393,,3256808292849393,144.43,"[{""date"": ""2025-08-20T08:08:32.787107Z"", ""price"": 144.43, ""currency"": ""USD""}]",,,10,New,New,None,NA,No,2025-08-20 08:08:32.781,2025-08-20 08:08:32.781,Unverified,,,,USD,,NotSubmitted,NA,False,NA,False,https://www.aliexpress.com/item/3256808292849393.html,Active,Nike
9e463f55-a6cb-4314-b71e-bec0f29982d2,,Nike 2024 Men's Nike V2K Run Casual Sneakers Sports Shoes Hj4497-100,"[""https://ae-pic-a1.aliexpress-media.com/kf/Sdf0cc7fc5be84f5fa95648a72f7d255eU.jpg""]",3256807596608482,,3256807596608482,142.67,"[{""date"": ""2025-08-20T08:08:32.787125Z"", ""price"": 142.67, ""currency"": ""USD""}]",,,4,New,New,None,NA,No,2025-08-20 08:08:32.781,2025-08-20 08:08:32.781,Unverified,,,,USD,,NotSubmitted,NA,False,NA,False,https://www.aliexpress.com/item/3256807596608482.html,Active,Nike
8bd7590e-bfd9-4b7a-b7db-35871d04fd14,,Nike Men's Shoes Air Max Alpha Trainer 6 Sports Shoes Breathable Casual Shoes Training Running Shoes Fq1833-001,"[""https://ae-pic-a1.aliexpress-media.com/kf/S7979e13fcd6c4437b92fe287d3916180v.jpg""]",3256809243756997,,3256809243756997,100.26,"[{""date"": ""2025-08-20T08:08:32.787142Z"", ""price"": 100.26, ""currency"": ""USD""}]",,,2,New,New,None,NA,No,2025-08-20 08:08:32.781,2025-08-20 08:08:32.781,Unverified,,,,USD,,NotSubmitted,NA,False,NA,False,https://www.aliexpress.com/item/3256809243756997.html,Active,Nike
2010107b-2ad0-43c5-9feb-6329c292f6f0,,Nike Women's Shoes Revolution 8 Running Shoes Plaid Cushioning Ladies Outdoor Sports Shoes Hj8485-100,"[""https://ae-pic-a1.aliexpress-media.com/kf/S5f1d04bb9d604aad87c40829fa128758r.jpg""]",3256809498256720,,3256809498256720,72.94,"[{""date"": ""2025-08-20T08:08:32.787160Z"", ""price"": 72.94, ""currency"": ""USD""}]",,,,New,New,None,NA,No,2025-08-20 08:08:32.781,2025-08-20 08:08:32.781,Unverified,,,,USD,,NotSubmitted,NA,False,NA,False,https://www.aliexpress.com/item/3256809498256720.html,Active,Nike
07004012-3bda-43de-9ae5-dec62c0ecdbe,,Nike (Nike) Women's Shoes Offcourt Duo Slide Sports Slippers Comfortable and Breathable Beach Shoes Dc0496-001,"[""https://ae-pic-a1.aliexpress-media.com/kf/S45a5b7ff2a3649e9a9492ccfb57b8312n.jpg""]",3256809498398745,,3256809498398745,33.6,"[{""date"": ""2025-08-20T08:08:32.787182Z"", ""price"": 33.6, ""currency"": ""USD""}]",,,,New,New,None,NA,No,2025-08-20 08:08:32.781,2025-08-20 08:08:32.781,Unverified,,,,USD,,NotSubmitted,NA,False,NA,False,https://www.aliexpress.com/item/3256809498398745.html,Active,Nike
d2d6581f-c850-41b8-ab60-59a050538225,,Nike Women's Shoes Court Vision Mid Casual Sports Shoes Plaid Thick Sole Low Top Retro Sports Board Shoes Cd5436-108,"[""https://ae-pic-a1.aliexpress-media.com/kf/S29db48bfacbf44c690ab5acd69a13e88z.jpg""]",3256809509898680,,3256809509898680,86.12,"[{""date"": ""2025-08-20T08:08:32.787199Z"", ""price"": 86.12, ""currency"": ""USD""}]",,,,New,New,None,NA,No,2025-08-20 08:08:32.781,2025-08-20 08:08:32.781,Unverified,,,,USD,,NotSubmitted,NA,False,NA,False,https://www.aliexpress.com/item/3256809509898680.html,Active,Nike
02ec07f5-16ea-4615-8249-c2b8c56524a4,,Nike Men's Shoes G.T Cut Cross Ep Basketball Shoes Cushioning Breathable Competition Training Shoes Fitness Running Shoes Hf0231-601,"[""https://ae-pic-a1.aliexpress-media.com/kf/Sf51192836a66441295ee28955d7cd6762.jpg""]",3256809256870175,,3256809256870175,146.53,"[{""date"": ""2025-08-20T08:08:32.787218Z"", ""price"": 146.53, ""currency"": ""USD""}]",,,2,New,New,None,NA,No,2025-08-20 08:08:32.781,2025-08-20 08:08:32.781,Unverified,,,,USD,,NotSubmitted,NA,False,NA,False,https://www.aliexpress.com/item/3256809256870175.html,Active,Nike
f7d0cd54-e397-4925-86c9-9bd79e4e63e4,,Nike Women's Shoes Big Children's Shoes Vomero 5 (Gs) Sports Shoes Fashion Trend Casual Shoes Breathable Cushioning Running Shoes Ib4698-411,"[""https://ae-pic-a1.aliexpress-media.com/kf/S0f9ebec44bc24205b97419c8c5526ab89.jpg""]",3256809511211432,,3256809511211432,98.57,"[{""date"": ""2025-08-20T08:08:32.787236Z"", ""price"": 98.57, ""currency"": ""USD""}]",,,,New,New,None,NA,No,2025-08-20 08:08:32.781,2025-08-20 08:08:32.781,Unverified,,,,USD,,NotSubmitted,NA,False,NA,False,https://www.aliexpress.com/item/3256809511211432.html,Active,Nike
b7fbcb0d-47d1-4ed2-a047-afebef6d7c63,,NIKE 2025 Women's W NIKE PACIFIC Casual Sneaker HM4771-603,"[""https://ae-pic-a1.aliexpress-media.com/kf/S8f923bd29ce041f09f15957e425c2bfdA.jpg""]",3256809391285509,,3256809391285509,103.82,"[{""date"": ""2025-08-20T08:08:32.787254Z"", ""price"": 103.82, ""currency"": ""USD""}]",,,,New,New,None,NA,No,2025-08-20 08:08:32.781,2025-08-20 08:08:32.781,Unverified,,,,USD,,NotSubmitted,NA,False,NA,False,https://www.aliexpress.com/item/3256809391285509.html,Active,Nike
8cc08314-77ee-4f99-90e8-473b41433717,,[Custom Flower SBOX]Nike Trey 5 Ix Ep Cushioning Anti-Slip And Wear-Resistant Mid-Top Vintage Basketball Shoes Unisex Pink Wh,"[""https://ae-pic-a1.aliexpress-media.com/kf/Sd445dd8faa774ca789e82fc554529a696.jpeg""]",3256808786986838,,3256808786986838,241.61,"[{""date"": ""2025-08-20T08:08:32.787271Z"", ""price"": 241.61, ""currency"": ""USD""}]",,,,New,New,None,NA,No,2025-08-20 08:08:32.781,2025-08-20 08:08:32.781,Unverified,,,,USD,,NotSubmitted,NA,False,NA,False,https://www.aliexpress.com/item/3256808786986838.html,Active,Nike
6a76764e-39ff-45d1-acbf-cb15f46e8fb9,,Nike Women's Shoes Air Zoom Structure 25 Road Running Shoes Air Cushion Jogging Shoes Fitness Sports Cushioning Comfortable Running Shoes Dj7884-001,"[""https://ae-pic-a1.aliexpress-media.com/kf/S2e7522a4d1b743d1b4e11444982acbc3I.jpg""]",3256809513388286,,3256809513388286,126.89,"[{""date"": ""2025-08-20T08:08:32.787288Z"", ""price"": 126.89, ""currency"": ""USD""}]",,,,New,New,None,NA,No,2025-08-20 08:08:32.781,2025-08-20 08:08:32.781,Unverified,,,,USD,,NotSubmitted,NA,False,NA,False,https://www.aliexpress.com/item/3256809513388286.html,Active,Nike
